,Date,Content
0,2022-07-19 14:54:04+00:00,$JASMY still can buy here!
0,2022-07-19 14:53:04+00:00,$SOL ‚úÖ
0,2022-07-19 14:35:38+00:00,$QI major breakout is here!
0,2022-07-19 13:21:45+00:00,$CLV getting ready üëåüèª
0,2022-07-19 13:20:33+00:00,"$OGN is on the way to $0,3  üëÄüöÄ"
0,2022-07-19 13:12:12+00:00,$FIL is a buy.
0,2022-07-19 13:05:41+00:00,Buying $QI here!
0,2022-07-19 13:03:15+00:00,$CHR +13% so far!
0,2022-07-19 13:02:44+00:00,$DOT +15% so far!
0,2022-07-19 12:58:42+00:00,$OGN starting to move up. Do not miss it üöÄüòé
0,2022-07-19 10:44:37+00:00,$OGN breakout on LTF
0,2022-07-19 10:18:36+00:00,
0,2022-07-19 09:06:07+00:00,Shitcoins are getting wild in the market so $CLV is expected to see a big move in coming hours/daysWorth buying here while its still cheap.
0,2022-07-19 08:59:08+00:00,$ETH üòé
0,2022-07-19 08:47:44+00:00,"If you missed the $GALA first entry, now buy."
0,2022-07-19 08:04:56+00:00,"2022 has seen #Bitcoin markets weather two enormous capitulation events, both with the largest $BTC transfer volume in loss since 2011.When LUNA collapsed, the total transfer volume in loss was 538k $BTC.This was followed by 480k $BTC as the market traded below the 2017 ATH."
0,2022-07-18 17:36:07+00:00,$CLV buy setup.
0,2022-07-18 16:53:06+00:00,The $OGN dip is for buying.
0,2022-07-18 16:06:42+00:00,#Bitcoin triangle breakout üî•
0,2022-07-18 13:27:49+00:00,Buying $OGN here as well.
0,2022-07-18 11:42:30+00:00,Buying some $GALA here!
0,2022-07-18 10:26:53+00:00,$TRB +74%
0,2022-07-18 09:13:37+00:00,$INJ breakout - the big pump incoming üî•
0,2022-07-18 08:36:51+00:00,$JASMY will be double one day.
0,2022-07-18 08:33:55+00:00,$OP already +40% from entry. Patience pay off!
0,2022-07-18 08:33:12+00:00,#Bitcoin ascending triangle is playing out!
0,2022-07-18 08:16:37+00:00,$DOT soon hit target üòé
0,2022-07-18 07:29:28+00:00,$OOKI üëç
0,2022-07-17 19:12:02+00:00,$JASMY I think it gonna pump soon!
0,2022-07-17 17:44:14+00:00,$INJ still can buy.
0,2022-07-17 13:05:15+00:00,#C98
0,2022-07-17 12:13:00+00:00,$CHR dip is for buying.
0,2022-07-17 10:04:01+00:00,"Get Alan Walker NFTs with real value from CoriteWe‚Äôre part of the Alan Walker #Origins NFT scavenger hunt, where fans will reveal music videos and share the revenue from Alan Walker‚Äôs official YouTube channel! Use my unique code to unlock your piece!Code: By3Dhttps://corite.com/origins"
0,2022-07-17 09:25:46+00:00,Buying some $CHR here!
0,2022-07-17 07:44:10+00:00,Will $ETH starts an alt-season?
0,2022-07-17 06:58:42+00:00,$SKL is on the move üî•
0,2022-07-17 06:53:53+00:00,$DOT clear breakout üöÄ
0,2022-07-16 08:31:33+00:00,Buying more $SKL at this current price.
0,2022-07-16 08:19:09+00:00,$INJ is a buy.
0,2022-07-16 06:50:10+00:00,Buying some $FET here!
0,2022-07-15 09:50:15+00:00,$SKL/BTC breaking out as well. Probably it's the next $NKN
0,2022-07-15 09:27:27+00:00,Keep an eye on $DOT
0,2022-07-15 09:16:41+00:00,$SKL about to go wild üëÄ
0,2022-07-15 07:29:41+00:00,#BitcoinWe're probably range around 20k at least for month or so
0,2022-07-14 14:43:02+00:00,Bitcoin‚Äôs correlation with the U.S. Dollar is falling.
0,2022-07-14 13:33:03+00:00,Binance NFT Launches ‚ÄúAlan Walker Origins‚Äù NFT Collection: Share the Revenue from the Music Video Streaming on YouTube! https://www.binance.com/en/support/announcement/b17c7ed8a6a64e5f9c2a3ad9821772b1
0,2022-07-12 08:10:37+00:00,#Bitcoin price is on the verge of the breakout. Take care of it.
0,2022-07-11 16:53:23+00:00,"Total $ETH deposited in the 2.0 contract has surpassed 13M #ETH, which is 10.9% of the circulating supply."
0,2022-07-10 12:43:52+00:00,$JASMY finally boomed üî•
0,2022-07-09 12:19:59+00:00,#Bitcoin is holding the $20k level. Increase in stablecoin market cap share suggested an oversold #BTC on a daily timeframe.Significant liquidity is sitting on the sidelines. It is a matter of when (FOMC) and not if capital is redeployed.
0,2022-07-07 18:35:47+00:00,$SKL move up soon.
0,2022-07-07 18:34:20+00:00,"Over the last two years, the dominance of #Tether has been in macro decline.$USDT has fallen from 88.3% of the stablecoin market, to 45.2% today, now less than half of the market.$USDC dominance has grown 4.2x,  $BUSD by 7.5x, and $DAI by 3.9x over the same 2y timeframe."
0,2022-07-06 14:14:52+00:00,Binance Launches Zero-Fee Bitcoin Trading https://www.binance.com/en/support/announcement/10435147c55d4a40b64fcbf43cb46329
0,2022-07-06 14:14:29+00:00,"Despite weak price-action through June, #Bitcoin has been withdrawn from exchanges at the most aggressive rate in history.Total exchange outflows in June peak at -151k BTC/month, with Shrimp and Whales as main receivers."
0,2022-07-05 07:44:06+00:00,Binance Will Support the Filecoin (FIL) and Elrond (EGLD) Network UpgradesDetails
0,2022-07-02 09:29:11+00:00,üßê
0,2022-07-02 09:05:40+00:00,Crypto hedge fund Three Arrows files for chapter 15 bankruptcyhttps://www.bloomberg.com/news/articles/2022-07-01/crypto-hedge-fund-three-arrows-files-for-chapter-15-bankruptcy
0,2022-07-01 20:44:59+00:00,Buying some $SKL as well.
0,2022-07-01 19:29:17+00:00,Buying some $OCEAN here!
0,2022-07-01 08:10:14+00:00,$MASK updateBreakout confirmed. Soon go above 2 dollar.
0,2022-07-01 08:07:09+00:00,"Whales (>1k $BTC) typically go through accumulation / distribution cycles, often aligned with #Bitcoin market structure.These entities are also adding to their balance aggressively, acquiring 140k $BTC/month directly from exchangesWhales now own 8.69M $BTC (45.6% Supply)."
0,2022-06-29 20:15:33+00:00,$MASK is on the edge of the major breakout üëÄ
0,2022-06-29 16:17:25+00:00,"Amazy breaks all record‚Äôs passing the mark of 800,000 giveaway participant!  1Ô∏è‚É£ Giveaway extended until June 3 2Ô∏è‚É£ Added 100 extra NFT sneakers and total prize poll is now 600 piece‚Äôs   ‚û°Ô∏è JOIN AMAZY GIVEAWAY: https://gleam.io/KbEos/amazy-giveaway/  3 main‚Ä¶"
0,2022-06-29 11:57:00+00:00,"The number of addresses holding at least one #Bitcoin has reached a new all-time high of 873,043."
0,2022-06-29 08:46:10+00:00,Bitcoin‚Äôs correlation with the tech-focused Nasdaq 100 has declined in June after hitting a multi-year high of .8 in May
0,2022-06-28 08:16:52+00:00,$QI +41%
0,2022-06-27 14:02:25+00:00,"Digital asset investment products saw outflows totalling $423m last week, the largest since records began by a wide margin.The outflows occurred on 17th June but were reflected in last week‚Äôs figures due to trade reporting lags, and likely responsible for Bitcoin‚Äôs decline to US$17,760 that weekend."
0,2022-06-27 09:18:19+00:00,$MASK is now can buy.
0,2022-06-27 08:19:10+00:00,"Koi Network (KOI) token sale to be held via Huobi Primelist on June 30thSale Hard Cap is $200,000. Sale Price is 1 KOI = $0.025. Tokens Allocated is 8,000,000 KOI. KOI token will be listed on Huobi Global right after the public sale on June 30th, 13:00 UTC.https://twitter.com/koimetaverse/status/1540376907950092289?s=21&t=owLq1jmr6YwrOiVRVXOcug"
0,2022-06-26 14:22:37+00:00,$MASK is now can buy.
0,2022-06-26 13:33:59+00:00,Buy the dip $SRM
0,2022-06-26 13:27:13+00:00,$MASK
0,2022-06-26 12:44:02+00:00,"$SRM gonna hit $1,3 in the next IMO"
0,2022-06-26 12:26:00+00:00,Buying $SRM here!
0,2022-06-26 12:11:35+00:00,$OP is on the way üòé
0,2022-06-26 09:26:49+00:00,$OOKI
0,2022-06-26 09:22:02+00:00,$GLMR boom incoming üî•
0,2022-06-26 09:15:47+00:00,$OP still can buy.
0,2022-06-26 08:27:58+00:00,$GAL already +20%
0,2022-06-26 08:02:13+00:00,$JASMY I'm still bullish on it. I think it gonna pop soon!
0,2022-06-26 07:18:14+00:00,$GLMR just getting started. Much more to come!
0,2022-06-26 07:16:44+00:00,$QI +33%
0,2022-06-25 22:01:27+00:00,#ETH on the edge of the breakout!
0,2022-06-25 21:53:32+00:00,$OP is going to 72 cent üëÄ
0,2022-06-25 18:25:55+00:00,$GLMR no new low and already reversed Should be pumped to $1
0,2022-06-25 16:56:10+00:00,The $BLZ pump incoming üî•
0,2022-06-25 15:12:40+00:00,$GLMR is a buy.
0,2022-06-25 13:21:57+00:00,"$BLZ is pretty strong here, should move up üòé"
0,2022-06-25 12:52:20+00:00,$BLZ buying some.
0,2022-06-25 09:47:53+00:00,$TRB dip is for buying.
0,2022-06-25 08:56:56+00:00,$ICP another breakout üöÄ
0,2022-06-25 08:55:41+00:00,$QI already +20%
0,2022-06-24 21:31:52+00:00,$LINA almost +20%
0,2022-06-24 21:12:34+00:00,$TRB seems ready to take off üöÄ
0,2022-06-24 21:04:23+00:00,$SOL is moving nicely. Already +36% from entry!
0,2022-06-24 18:21:39+00:00,With only $30m mcap $TRB will go up +100% easily.
0,2022-06-24 18:10:55+00:00,Bitcoin realized 30d volatility hits 12-month high
0,2022-06-24 17:38:42+00:00,$JASMY/BTC breakout of 50-ish and it will go up hard.
0,2022-06-24 17:10:23+00:00,Buying some $TRB on this breakout!
0,2022-06-24 16:31:27+00:00,$OP +20% from entry!
